"Editor Commands","Show Outline","Ctrl+O","Specfile Editor Context","rpmEditor.showOutline.command"
"Run/Debug","Next Memory Monitor","Ctrl+Alt+N","In Memory View","org.eclipse.debug.ui.commands.nextMemoryBlock"
"Task Repositories","Mark Task Complete","Alt+Shift+C","In Tasks View","org.eclipse.mylyn.tasks.ui.command.markTaskComplete"
"Navigate","Open Include Browser","Ctrl+Alt+I","In C/C++ Views","org.eclipse.cdt.ui.edit.open.include.browser"
"Navigate","Previous","Ctrl+,","In Windows","org.eclipse.ui.navigate.previous"
"Text Editing","Scroll Line Down","Ctrl+↓","Editing Text","org.eclipse.ui.edit.text.scroll.lineDown"
"Run/Debug","Go to Program Counter","Home","In Disassembly","org.eclipse.cdt.dsf.debug.ui.disassembly.commands.gotoPC"
"Edit","Select Enclosing Element","Alt+Shift+↑","Editing in Structured Text Editors","org.eclipse.wst.sse.ui.structure.select.enclosing"
"Focused UI","Show Context Quick View","Ctrl+Alt+Shift+→","In Windows","org.eclipse.mylyn.context.ui.commands.open.context.dialog"
"Edit","Context Information","Ctrl+Shift+Space","In Dialogs and Windows","org.eclipse.ui.edit.text.contentAssist.contextInformation"
"Edit","Matching Tag","Ctrl+Shift+>","Editing in Structured Text Editors","org.eclipse.wst.xml.ui.gotoMatchingTag"
"Changelog","Prepare Changelog","Ctrl+Alt+P","In Windows","org.eclipse.linuxtools.changelog.core.preparechangelog"
"Task Repositories","Mark Task Unread","Alt+Shift+U","In Tasks View","org.eclipse.mylyn.tasks.ui.command.markTaskUnread"
"Views","Show View (Error Log)","Alt+Shift+Q, L","In Windows","org.eclipse.ui.views.showView"
"Git","Rename Branch...","F2","In Git Repositories View","org.eclipse.egit.ui.team.RenameBranch"
"File","Close","Ctrl+W","In Windows","org.eclipse.ui.file.close"
"Source","Remove Block Comment","Ctrl+Shift+\","C/C++ Editor","org.eclipse.cdt.ui.edit.text.c.remove.block.comment"
"Edit","Select All","Ctrl+A","In Dialogs and Windows","org.eclipse.ui.edit.selectAll"
"Edit","Paste","Shift+Insert","In Dialogs and Windows","org.eclipse.ui.edit.paste"
"Terminal view commands","Maximize Active View or Editor","Alt+↑","Terminal Control in Focus","org.eclipse.tm.terminal.maximize"
"Quick Search","Quick Search","Ctrl+Alt+Shift+L","In Windows","org.eclipse.text.quicksearch.commands.quicksearchCommand"
"Source","References","Ctrl+Shift+G","In C/C++ Views","org.eclipse.cdt.ui.search.findrefs"
"Text Editing","Open Hyperlink","F3","in Generic Code Editor","org.eclipse.ui.edit.text.open.hyperlink"
"Text Editing","Toggle Folding","Ctrl+Numpad_Divide","Editing Text","org.eclipse.ui.edit.text.folding.toggle"
"Run/Debug","Toggle Breakpoint","Ctrl+Shift+B","In Windows","org.eclipse.debug.ui.commands.ToggleBreakpoint"
"Text Editing","Select Line End","Shift+End","Editing Text","org.eclipse.ui.edit.text.select.lineEnd"
"Reverse Debugging Commands","Reverse Resume","Shift+F8","Debugging C/C++","org.eclipse.cdt.debug.ui.command.reverseResume"
"Edit","Select Next Element","Alt+Shift+→","Editing in Structured Text Editors","org.eclipse.wst.sse.ui.structure.select.next"
"Navigate","Next Sub-Tab","Alt+PageDown","In Dialogs and Windows","org.eclipse.ui.navigate.nextSubTab"
"Window","Maximize Active View or Editor","Ctrl+M","In Windows","org.eclipse.ui.window.maximizePart"
"Terminal view commands","Terminal view insert","Alt+L","Terminal Typing Connected","org.eclipse.tm.terminal.command1"
"Editor Commands","Toggle Comment","Ctrl+Shift+C","Specfile Editor Context","rpmEditor.toggleComment.command"
"Terminal view commands","Terminal view insert","Alt+P","Terminal Typing Connected","org.eclipse.tm.terminal.command1"
"Edit","Open Selection","F3","Editing in Structured Text Editors","org.eclipse.wst.sse.ui.open.file.from.source"
"Views","Show View (Cheat Sheets)","Alt+Shift+Q, H","In Windows","org.eclipse.ui.views.showView"
"Refactor - C++","Rename - Refactoring ","Alt+Shift+R","C/C++ Editor","org.eclipse.cdt.ui.edit.text.rename.element"
"UML2 Sequence Diagram Viewer Commands","Scroll down","Alt+Shift+↓","UML2 Sequence Diagram Viewer","org.eclipse.linuxtools.tmf.ui.views.uml2sd.handlers.MoveSDDown"
"Text Editing","Collapse","Ctrl+Numpad_Subtract","Editing Text","org.eclipse.ui.edit.text.folding.collapse"
"Text Editing","Select Next Word","Ctrl+Shift+→","Editing Text","org.eclipse.ui.edit.text.select.wordNext"
"Edit","Content Assist","Ctrl+Space","In Dialogs and Windows","org.eclipse.ui.edit.text.contentAssist.proposals"
"Focused UI","Make Less Interesting","Ctrl+Alt+Shift+↓","In Windows","org.eclipse.mylyn.context.ui.commands.interest.decrement"
"File","Close All","Ctrl+Shift+W","In Windows","org.eclipse.ui.file.closeAll"
"Terminal view commands","Terminal view insert","Alt+B","Terminal Typing Connected","org.eclipse.tm.terminal.command1"
"Reverse Debugging Commands","Reverse Step Into","Shift+F5","Debugging C/C++","org.eclipse.cdt.debug.ui.command.reverseStepInto"
"Task Repositories","Mark Task Read","Alt+Shift+R","In Tasks Editor","org.eclipse.mylyn.tasks.ui.command.markTaskRead"
"Window","Previous Perspective","Ctrl+Shift+F8","In Windows","org.eclipse.ui.window.previousPerspective"
"Edit","Previous Sibling","Ctrl+Shift+↑","Editing in Structured Text Editors","org.eclipse.wst.xml.ui.previousSibling"
"Run/Debug","Step Into Selection","Ctrl+F5","Debugging C/C++","org.eclipse.cdt.debug.ui.command.StepIntoSelection"
"Uncategorized","Go to Matching Bracket","Ctrl+Shift+P","in Generic Code Editor","org.eclipse.ui.genericeditor.gotoMatchingBracket"
"Source","Show Source Quick Menu","Alt+Shift+S","C/C++ Editor","org.eclipse.cdt.ui.edit.text.c.source.quickMenu"
"Terminal view commands","Copy","Ctrl+Shift+C","Terminal Control in Focus","org.eclipse.tm.terminal.copy"
"Terminal view commands","Terminal view insert","Alt+T","Terminal Typing Connected","org.eclipse.tm.terminal.command1"
"Terminal view commands","Terminal view insert","Alt+D","Terminal Typing Connected","org.eclipse.tm.terminal.command1"
"Terminal view commands","Terminal view insert","Alt+S","Terminal Typing Connected","org.eclipse.tm.terminal.command1"
"Navigate","Forward History","Alt+→","In Windows","org.eclipse.ui.navigate.forwardHistory"
"Edit","Redo","Ctrl+Y","In Dialogs and Windows","org.eclipse.ui.edit.redo"
"Tracing","Zoom to selection","Z","In Time-Based View","org.eclipse.tracecompass.tmf.ui.command.zoom.selection"
"Edit","Cut","Ctrl+X","In Dialogs and Windows","org.eclipse.ui.edit.cut"
"Navigate","Quick Outline","Ctrl+O","WikiText Markup Source Context","org.eclipse.mylyn.wikitext.ui.quickOutlineCommand"
"Refactor - C++","Extract Function - Refactoring ","Alt+Shift+M","C/C++ Editor","org.eclipse.cdt.ui.refactor.extract.function"
"Views","Show View (Synchronize)","Alt+Shift+Q, Y","In Windows","org.eclipse.ui.views.showView"
"File","New","Ctrl+N","In Windows","org.eclipse.ui.newWizard"
"TM4E Language Configuration","Add Block Comment","Ctrl+Shift+/","Editing Text","org.eclipse.tm4e.languageconfiguration.addBlockCommentCommand"
"Changelog","Format ChangeLog","Esc, Ctrl+F","ChangeLog Editor","org.eclipse.linuxtools.changelog.core.formatChangeLog"
"Tracing","Zoom in (mouse position)","W","In Time-Based View","org.eclipse.tracecompass.tmf.ui.command.zoomin"
"Source","Declaration","Ctrl+G","In C/C++ Views","org.eclipse.cdt.ui.search.finddecl"
"Navigate","Previous Page","Alt+Shift+F7","In Windows","org.eclipse.ui.part.previousPage"
"Run/Debug","Toggle Memory Monitors Pane","Ctrl+T","In Memory View","org.eclipse.debug.ui.commands.toggleMemoryMonitorsPane"
"Makefile Source","Open declaration","F3","Makefile Editor","org.eclipse.cdt.make.ui.edit.text.makefile.opendecl"
"Navigate","Go To Next Unread Task","Alt+↓","In Tasks View","org.eclipse.mylyn.tasks.ui.command.goToNextUnread"
"Text Editing","Toggle Overwrite","Insert","Editing Text","org.eclipse.ui.edit.text.toggleOverwrite"
"Navigate","Previous Tab","Ctrl+PageUp","In Dialogs and Windows","org.eclipse.ui.navigate.previousTab"
"Text Editing","To Lower Case","Ctrl+Shift+Y","Editing Text","org.eclipse.ui.edit.text.lowerCase"
"Source","Format","Ctrl+Shift+F","C/C++ Editor","org.eclipse.cdt.ui.edit.text.c.format"
"UML2 Sequence Diagram Viewer Commands","Go to associated message","Alt+R","UML2 Sequence Diagram Viewer","org.eclipse.linuxtools.tmf.ui.views.uml2sd.handlers.GoToMessage"
"UML2 Sequence Diagram Viewer Commands","Scroll up","Alt+Shift+↑","UML2 Sequence Diagram Viewer","org.eclipse.linuxtools.tmf.ui.views.uml2sd.handlers.MoveSDUp"
"Changelog","Insert ChangeLog entry","Ctrl+Alt+C","Editing Text","org.eclipse.linuxtools.changelog.core.actions.KeyActionCommand"
"Navigate","Open Type in Hierarchy","Ctrl+Shift+H","In C/C++ Views","org.eclipse.cdt.ui.navigate.open.type.in.hierarchy"
"Source","Declaration","Ctrl+G","C/C++ Editor","org.eclipse.cdt.ui.search.finddecl"
"UML2 Sequence Diagram Viewer Commands","Show node start ","Alt+Shift+Home","UML2 Sequence Diagram Viewer","org.eclipse.linuxtools.tmf.ui.views.uml2sd.handlers.ShowNodeStart"
"Language Servers","Enclosing Element","Alt+Shift+↑","in Generic Code Editor","org.eclipse.lsp4e.selectionRange.up"
"Source","Explore Macro Expansion","Ctrl+=","C/C++ Editor","org.eclipse.cdt.ui.edit.open.quick.macro.explorer"
"Views","Show View (Variables)","Alt+Shift+Q, V","In Windows","org.eclipse.ui.views.showView"
"TM4E Language Configuration","Remove Block Comment","Ctrl+Shift+\","Editing Text","org.eclipse.tm4e.languageconfiguration.removeBlockCommentCommand"
"Invoke Autotools","Show Outline","Ctrl+O","Autoconf Editor","org.eclipse.cdt.autotools.ui.command.showOutline"
"Terminal view commands","Copy","Ctrl+Insert","Terminal Control in Focus","org.eclipse.tm.terminal.copy"
"Terminal view commands","Terminal view insert","Alt+V","Terminal Typing Connected","org.eclipse.tm.terminal.command1"
"Language Servers","Open Type Hierarchy","F4","in Generic Code Editor","org.eclipse.lsp4e.openTypeHierarchy"
"Views","Show View (Outline)","Alt+Shift+Q, O","In Windows","org.eclipse.ui.views.showView"
"Focused UI","Make Landmark","Ctrl+Alt+Shift+↑","In Windows","org.eclipse.mylyn.context.ui.commands.interest.increment"
"Edit","Occurrences in File","Ctrl+Shift+A","Editing in Structured Text Editors","org.eclipse.wst.sse.ui.search.find.occurrences"
"Window","Next Perspective","Ctrl+F8","In Windows","org.eclipse.ui.window.nextPerspective"
"Navigate","Next Tab","Ctrl+PageDown","In Dialogs and Windows","org.eclipse.ui.navigate.nextTab"
"Navigate","Show In...","Alt+Shift+W","In Windows","org.eclipse.ui.navigate.showInQuickMenu"
"File","Print","Ctrl+P","In Windows","org.eclipse.ui.file.print"
"Source","Go to Matching Bracket","Ctrl+Shift+P","C/C++ Editor","org.eclipse.cdt.ui.edit.text.c.goto.matching.bracket"
"Edit","Toggle Block Selection","Alt+Shift+A","Editing Text","org.eclipse.ui.edit.text.toggleBlockSelectionMode"
"File","Properties","Alt+Enter","In Windows","org.eclipse.ui.file.properties"
"Git","Copy Path to Clipboard","Ctrl+C","In Git Repositories View","org.eclipse.egit.ui.RepositoriesViewCopyPath"
"Edit","Find Next","Ctrl+K","In Windows","org.eclipse.ui.edit.findNext"
"Window","Activate Editor","F12","In Windows","org.eclipse.ui.window.activateEditor"
"Task Repositories","Mark Task Incomplete","Alt+Shift+I","In Tasks Editor","org.eclipse.mylyn.tasks.ui.command.markTaskIncomplete"
"Refactor - C++","Toggle Function - Refactoring ","Alt+Shift+T","C/C++ Editor","org.eclipse.cdt.ui.refactor.toggle.function"
"Edit","Incremental Find","Ctrl+J","Editing Text","org.eclipse.ui.edit.findIncremental"
"Source","Indent Line","Ctrl+I","C/C++ Editor","org.eclipse.cdt.ui.edit.text.c.indent"
"File","Refresh","F5","In Windows","org.eclipse.ui.file.refresh"
"Language Servers","Quick Type Hierarchy","Ctrl+T","Editing Text","org.eclipse.lsp4e.typeHierarchy"
"Language Servers","Format","Ctrl+Shift+F","Editing Text","org.eclipse.lsp4e.format"
"Navigate","Search Repository for Task","Ctrl+Shift+F12","In Windows","org.eclipse.mylyn.tasks.ui.command.searchForTask"
"Terminal view commands","Terminal view insert","Alt+Y","Terminal Typing Connected","org.eclipse.tm.terminal.command1"
"Terminal view commands","Quick Access","Alt+→","Terminal Control in Focus","org.eclipse.tm.terminal.quickaccess"
"Search","Open Search Dialog","Ctrl+H","In Windows","org.eclipse.search.ui.openSearchDialog"
"Task Repositories","Mark Task Read and Go To Next Unread Task","Alt+Shift+↓","In Tasks View","org.eclipse.mylyn.tasks.ui.command.markTaskReadGoToNextUnread"
"Edit","Remove Block Comment","Ctrl+Shift+\","Editing in Structured Text Editors","org.eclipse.wst.sse.ui.remove.block.comment"
"Source","Toggle Source/Header","Ctrl+Tab","C/C++ Editor","org.eclipse.cdt.ui.edit.text.c.toggle.source.header"
"File","Save","Ctrl+S","In Windows","org.eclipse.ui.file.save"
"Text Editing","Delete Next Word","Ctrl+Delete","Editing Text","org.eclipse.ui.edit.text.deleteNextWord"
"C/C++ Editor (LSP)","Toggle Source/Header","Ctrl+Tab","in Generic Code Editor","org.eclipse.cdt.lsp.clangd.editor.commands.command.switchSourceHeader"
"Terminal view commands","Terminal view insert","Alt+F","Terminal Typing Connected","org.eclipse.tm.terminal.command1"
"Navigate","Deactivate Task","Ctrl+Shift+F9","In Windows","org.eclipse.mylyn.tasks.ui.command.deactivateAllTasks"
"Edit","Quick Fix","Ctrl+1","In Dialogs and Windows","org.eclipse.jdt.ui.edit.text.java.correction.assist.proposals"
"File","Save All","Ctrl+Shift+S","In Windows","org.eclipse.ui.file.saveAll"
"Run/Debug","Skip All Breakpoints","Ctrl+Alt+B","In Windows","org.eclipse.debug.ui.commands.SkipAllBreakpoints"
"Edit","Word Completion","Alt+/","Editing Text","org.eclipse.ui.edit.text.hippieCompletion"
"Git","Quick Outline","Ctrl+O","In Diff Viewer","org.eclipse.egit.ui.commit.DiffEditorQuickOutlineCommand"
"Edit","Format Active Elements","Ctrl+I","Editing in Structured Text Editors","org.eclipse.wst.sse.ui.format.active.elements"
"Terminal view commands","Terminal view insert","Alt+H","Terminal Typing Connected","org.eclipse.tm.terminal.command1"
"Source","References","Ctrl+Shift+G","C/C++ Editor","org.eclipse.cdt.ui.search.findrefs"
"Navigate","Previous Sub-Tab","Alt+PageUp","In Dialogs and Windows","org.eclipse.ui.navigate.previousSubTab"
"Refactor - C++","Rename - Refactoring ","Alt+Shift+R","In C/C++ Views","org.eclipse.cdt.ui.edit.text.rename.element"
"Run/Debug","Step Return","F7","Debugging","org.eclipse.debug.ui.commands.StepReturn"
"Window","Previous Editor","Ctrl+Shift+F6","In Windows","org.eclipse.ui.window.previousEditor"
"Edit","Select Enclosing C/C++ Element","Alt+Shift+↑","C/C++ Editor","org.eclipse.cdt.ui.edit.text.c.select.enclosing"
"Views","Show View (History)","Alt+Shift+Q, Z","In Windows","org.eclipse.ui.views.showView"
"Changelog","Insert ChangeLog entry","Ctrl+Alt+C","Comparing in an Editor","org.eclipse.linuxtools.changelog.core.actions.KeyActionCommand"
"Text Editing","Delete Previous Word","Ctrl+Backspace","Editing Text","org.eclipse.ui.edit.text.deletePreviousWord"
"Source","Align const qualifiers","Ctrl+Shift+A","C/C++ Editor","org.eclipse.cdt.ui.edit.text.c.align.const"
"Edit","Paste","Ctrl+V","In Dialogs and Windows","org.eclipse.ui.edit.paste"
"Window","Show System Menu","Alt+-","In Windows","org.eclipse.ui.window.showSystemMenu"
"Task Repositories","New Local Task","Insert","In Tasks View","org.eclipse.mylyn.tasks.ui.command.new.local.task"
"Task Repositories","Show Tooltip Description","F4","In Tasks View","org.eclipse.mylyn.tasks.ui.command.showToolTip"
"Navigate","Open Type Hierarchy","F4","In C/C++ Views","org.eclipse.cdt.ui.edit.open.type.hierarchy"
"Run/Debug","Previous Page of Memory","Ctrl+Shift+,","In Table Memory Rendering","org.eclipse.debug.ui.command.prevpage"
"UML2 Sequence Diagram Viewer Commands","Scroll left","Alt+Shift+←","UML2 Sequence Diagram Viewer","org.eclipse.linuxtools.tmf.ui.views.uml2sd.handlers.MoveSDLeft"
"Run/Debug","Close Rendering","Ctrl+W","In Memory View","org.eclipse.debug.ui.commands.closeRendering"
"Views","Show View (Search)","Alt+Shift+Q, S","In Windows","org.eclipse.ui.views.showView"
"Navigate","Activate Task","Ctrl+F9","In Windows","org.eclipse.mylyn.tasks.ui.command.activateTask"
"Tracing","Zoom out (selection)","-","In Time-Based View","org.eclipse.tracecompass.tmf.ui.command.zoomout.selection"
"Task Repositories","Open Selected Task","Ctrl+Enter","In Tasks View","org.eclipse.mylyn.tasks.ui.command.openSelectedTask"
"Text Editing","Delete Line","Ctrl+D","Editing Text","org.eclipse.ui.edit.text.delete.line"
"Edit","Toggle Word Wrap","Alt+Shift+Y","Editing Text","org.eclipse.ui.edit.text.toggleWordWrap"
"Source","Copy Qualified Name","Ctrl+Alt+Shift+C","C/C++ Editor","org.eclipse.cdt.ui.edit.text.c.copy.qualified.name"
"Views","Show View (Problems)","Alt+Shift+Q, X","In Windows","org.eclipse.ui.views.showView"
"Terminal view commands","Terminal view insert","Alt+G","Terminal Typing Connected","org.eclipse.tm.terminal.command1"
"Git","Commit...","Ctrl+#","In Windows","org.eclipse.egit.ui.team.Commit"
"Makefile Source","Toggle Comment","Ctrl+/","Makefile Editor","org.eclipse.cdt.make.ui.edit.text.makefile.toggle.comment"
"Window","Toggle Full Screen","Alt+F11","In Dialogs and Windows","org.eclipse.ui.window.fullscreenmode"
"Edit","Toggle Comment","Ctrl+Shift+C","Editing in Structured Text Editors","org.eclipse.wst.sse.ui.toggle.comment"
"Edit","Undo","Ctrl+Z","In Dialogs and Windows","org.eclipse.ui.edit.undo"
"Editor Commands","Organize Patches","Ctrl+Shift+O","Specfile Editor Context","rpmEditor.organizePatches.command"
"Run/Debug","Use Step Filters","Shift+F5","In Windows","org.eclipse.debug.ui.commands.ToggleStepFilters"
"Source","Open Declaration","F3","Assembly Editor","org.eclipse.cdt.ui.edit.opendecl"
"Navigate","Next","Ctrl+.","In Windows","org.eclipse.ui.navigate.next"
"Run/Debug","Go to Address","Ctrl+G","In Table Memory Rendering","org.eclipse.debug.ui.command.gotoaddress"
"Edit","Copy","Ctrl+C","In Dialogs and Windows","org.eclipse.ui.edit.copy"
"Navigate","Open Remote Task","Ctrl+Alt+Shift+F12","In Windows","org.eclipse.mylyn.tasks.ui.command.openRemoteTask"
"UML2 Sequence Diagram Viewer Commands","Scroll right","Alt+Shift+→","UML2 Sequence Diagram Viewer","org.eclipse.linuxtools.tmf.ui.views.uml2sd.handlers.MoveSDRight"
"Views","Show View (Console)","Alt+Shift+Q, C","In Windows","org.eclipse.ui.views.showView"
"Edit","Shift Left","Shift+Tab","C/C++ Editor","org.eclipse.ui.edit.text.shiftLeft"
"Tracing","Zoom in (selection)","=","In Time-Based View","org.eclipse.tracecompass.tmf.ui.command.zoomin.selection"
"Edit","Select Previous C/C++ Element","Alt+Shift+←","C/C++ Editor","org.eclipse.cdt.ui.edit.text.c.select.previous"
"Focused UI","Focus on Active Task","Alt+Shift+H","In Windows","org.eclipse.mylyn.context.ui.commands.toggle.focus.active.view"
"Language Servers","Restore To Last Selection","Alt+Shift+↓","in Generic Code Editor","org.eclipse.lsp4e.selectionRange.down"
"File","Rename","Alt+Shift+R","in Generic Code Editor","org.eclipse.ui.edit.rename"
"Text Editing","Next Word","Ctrl+→","Editing Text","org.eclipse.ui.edit.text.goto.wordNext"
"File","Close","Ctrl+F4","In Windows","org.eclipse.ui.file.close"
"Edit","Restore Last C/C++ Selection","Alt+Shift+↓","C/C++ Editor","org.eclipse.cdt.ui.edit.text.c.select.last"
"File","New menu","Alt+Shift+N","In Windows","org.eclipse.ui.file.newQuickMenu"
"Source","Open Declaration","F3","C/C++ Editor","org.eclipse.cdt.ui.edit.opendecl"
"Run/Debug","Next Page of Memory","Ctrl+Shift+.","In Table Memory Rendering","org.eclipse.debug.ui.command.nextpage"
"Reverse Debugging Commands","Uncall","Shift+F7","Debugging C/C++","org.eclipse.cdt.debug.ui.command.uncall"
"Edit","Format","Ctrl+Shift+F","Editing in Structured Text Editors","org.eclipse.wst.sse.ui.format.document"
"Text Editing","Move Lines Up","Alt+↑","Editing Text","org.eclipse.ui.edit.text.moveLineUp"
"Navigate","Matching Character","Ctrl+Shift+P","Editing in Structured Text Editors","org.eclipse.wst.sse.ui.goto.matching.bracket"
"Text Editing","Join Lines","Ctrl+Alt+J","Editing Text","org.eclipse.ui.edit.text.join.lines"
"Run/Debug","Resume","F8","Debugging","org.eclipse.debug.ui.commands.Resume"
"Source","Add Block Comment","Ctrl+Shift+/","C/C++ Editor","org.eclipse.cdt.ui.edit.text.c.add.block.comment"
"Navigate","Next Edit Location","Ctrl+Alt+→","In Windows","org.eclipse.ui.edit.text.gotoNextEditPosition"
"Terminal view commands","Terminal view insert","Alt+R","Terminal Typing Connected","org.eclipse.tm.terminal.command1"
"Changelog","Prepare Commit","Ctrl+Alt+V","Editing Text","org.eclipse.linuxtools.changelog.core.prepareCommit"
"Terminal Commands","Open Local Terminal on Selection","Ctrl+Alt+Shift+T","In Windows","org.eclipse.tm.terminal.view.ui.command.launchToolbar"
"Window","Next View","Ctrl+F7","In Windows","org.eclipse.ui.window.nextView"
"Window","Toggle Split Editor (Horizontal)","Ctrl+_","In Windows","org.eclipse.ui.window.splitEditor"
"Source","Toggle Mark Occurrences","Alt+Shift+O","C/C++ Editor","org.eclipse.cdt.ui.edit.text.c.toggleMarkOccurrences"
"Edit","Incremental Find Reverse","Ctrl+Shift+J","Editing Text","org.eclipse.ui.edit.findIncrementalReverse"
"Tracing","Zoom out (mouse position)","S","In Time-Based View","org.eclipse.tracecompass.tmf.ui.command.zoomout"
"Source","Organize Includes","Ctrl+Shift+O","C/C++ Editor","org.eclipse.cdt.ui.edit.text.c.organize.includes"
"Task Repositories","Quick Outline","Ctrl+O","In Tasks Editor","org.eclipse.mylyn.task.ui.editor.QuickOutline"
"Window","Quick Switch Editor","Ctrl+E","In Windows","org.eclipse.ui.window.openEditorDropDown"
"Git","Collapse Working Tree","Ctrl+←","In Git Repositories View","org.eclipse.egit.ui.RepositoriesViewCollapseWorkingTree"
"Source","Explore Macro Expansion","Ctrl+#","C/C++ Editor","org.eclipse.cdt.ui.edit.open.quick.macro.explorer"
"Project","Build Target Build","Shift+F9","In Windows","org.eclipse.cdt.make.ui.targetBuildCommand"
"Edit","Quick Diff Toggle","Ctrl+Shift+Q","Editing Text","org.eclipse.quickdiff.toggle"
"Text Editing","Expand","Ctrl+Numpad_Add","Editing Text","org.eclipse.ui.edit.text.folding.expand"
"Text Editing","Show Tooltip Description","F2","Editing Text","org.eclipse.ui.edit.text.showInformation"
"Source","Toggle Comment","Ctrl+/","C/C++ Editor","org.eclipse.cdt.ui.edit.text.c.toggle.comment"
"Text Editing","Select Previous Word","Ctrl+Shift+←","Editing Text","org.eclipse.ui.edit.text.select.wordPrevious"
"Text Editing","Reset Structure","Ctrl+Shift+Numpad_Multiply","Editing Text","org.eclipse.ui.edit.text.folding.restore"
"Text Editing","Zoom In","Ctrl+=","Editing Text","org.eclipse.ui.edit.text.zoomIn"
"Navigate","Open Call Hierarchy","Ctrl+Alt+H","C/C++ Editor","org.eclipse.cdt.ui.edit.open.call.hierarchy"
"Navigate","Go To Previous Unread Task","Alt+↑","In Tasks View","org.eclipse.mylyn.tasks.ui.command.goToPreviousUnread"
"Run/Debug","Run to Line","Ctrl+R","Debugging","org.eclipse.debug.ui.commands.RunToLine"
"Edit","Restore Last Selection","Alt+Shift+↓","Editing in Structured Text Editors","org.eclipse.wst.sse.ui.structure.select.last"
"Text Editing","Expand All","Ctrl+Numpad_Multiply","Editing Text","org.eclipse.ui.edit.text.folding.expand_all"
"Source","Surround With Quick Menu","Alt+Shift+Z","C/C++ Editor","org.eclipse.cdt.ui.edit.text.c.surround.with.quickMenu"
"Edit","Add Block Comment","Ctrl+Shift+/","Editing in Structured Text Editors","org.eclipse.wst.sse.ui.add.block.comment"
"Source","Go to Next Member","Ctrl+Shift+↓","C/C++ Editor","org.eclipse.cdt.ui.edit.text.c.goto.next.member"
"Window","Next Editor","Ctrl+F6","In Windows","org.eclipse.ui.window.nextEditor"
"Task Repositories","Mark Task Read","Alt+Shift+R","In Tasks View","org.eclipse.mylyn.tasks.ui.command.markTaskRead"
"Text Editing","To Upper Case","Ctrl+Shift+X","Editing Text","org.eclipse.ui.edit.text.upperCase"
"Navigate","Expand All","Ctrl+Shift+Numpad_Multiply","In Windows","org.eclipse.ui.navigate.expandAll"
"Task Repositories","New Subtask","Shift+Insert","In Tasks View","org.eclipse.mylyn.tasks.ui.command.new.subtask"
"Edit","Select Previous Element","Alt+Shift+←","Editing in Structured Text Editors","org.eclipse.wst.sse.ui.structure.select.previous"
"Navigate","Open Call Hierarchy","Ctrl+Alt+H","In C/C++ Views","org.eclipse.cdt.ui.edit.open.call.hierarchy"
"Views","Show View (Task List)","Alt+Shift+Q, K","In Windows","org.eclipse.ui.views.showView"
"Terminal view commands","Terminal view insert","Alt+W","Terminal Typing Connected","org.eclipse.tm.terminal.command1"
"Text Editing","Copy Lines","Ctrl+Alt+↓","Editing Text","org.eclipse.ui.edit.text.copyLineDown"
"Source","Open Declaration","F3","In Macro Expansion Hover","org.eclipse.cdt.ui.edit.opendecl"
"Text Editing","Scroll Line Up","Ctrl+↑","Editing Text","org.eclipse.ui.edit.text.scroll.lineUp"
"Terminal Commands","Open Local Terminal on Selection","Ctrl+Alt+T","In Windows","org.eclipse.tm.terminal.connector.local.command.launch"
"Text Editing","Delete to End of Line","Ctrl+Shift+Delete","Editing Text","org.eclipse.ui.edit.text.delete.line.to.end"
"Navigate","Open Resource","Ctrl+Shift+R","In Windows","org.eclipse.ui.navigate.openResource"
"Language Servers","Go to Symbol in Workspace","Ctrl+Shift+T","In Windows","org.eclipse.lsp4e.symbolInWorkspace"
"Text Editing","Line Start","Home","Editing Text","org.eclipse.ui.edit.text.goto.lineStart"
"Navigate","Open Include Browser","Ctrl+Alt+I","C/C++ Editor","org.eclipse.cdt.ui.edit.open.include.browser"
"Run/Debug","Terminate","Ctrl+F2","Debugging","org.eclipse.debug.ui.commands.Terminate"
"Source","Open Declaration","F3","In C/C++ Views","org.eclipse.cdt.ui.edit.opendecl"
"Text Editing","Zoom In","Ctrl++","Editing Text","org.eclipse.ui.edit.text.zoomIn"
"Text Editing","Insert Line Above Current Line","Ctrl+Shift+Enter","Editing Text","org.eclipse.ui.edit.text.smartEnterInverse"
"Tracing","Right","D","In Time-Based View","org.eclipse.tracecompass.tmf.ui.command.right"
"Navigate","Previous Edit Location","Ctrl+Q","In Windows","org.eclipse.ui.edit.text.gotoLastEditPosition"
"UML2 Sequence Diagram Viewer Commands","Show node end","Alt+Shift+End","UML2 Sequence Diagram Viewer","org.eclipse.linuxtools.tmf.ui.views.uml2sd.handlers.ShowNodeEnd"
"Window","Find Actions","Ctrl+3","In Windows","org.eclipse.ui.window.quickAccess"
"Source","Sort Lines","Ctrl+Alt+S","C/C++ Editor","org.eclipse.cdt.ui.edit.text.c.sort.lines"
"Source","Back","Alt+←","In Macro Expansion Hover","org.eclipse.cdt.ui.hover.backwardMacroExpansion"
"Editor Commands","Download Sources","Ctrl+Shift+R, D","Specfile Editor Context","rpmEditor.downloadSources.command"
"Navigate","Go to Line","Ctrl+L","Editing Text","org.eclipse.ui.edit.text.goto.line"
"Window","Toggle Split Editor (Vertical)","Ctrl+{","In Windows","org.eclipse.ui.window.splitEditor"
"Uncategorized","Find References","Ctrl+Shift+G","in Generic Code Editor","org.eclipse.ui.genericeditor.findReferences"
"File","Close All","Ctrl+Shift+F4","In Windows","org.eclipse.ui.file.closeAll"
"Window","Show Ruler Context Menu","Ctrl+F10","Editing Text","org.eclipse.ui.edit.text.showRulerContextMenu"
"Navigate","Backward History","Alt+←","In Windows","org.eclipse.ui.navigate.backwardHistory"
"Task Editor","Submit Task","Alt+Shift+S","In Tasks Editor","org.eclipse.mylyn.tasks.ui.command.submitTask"
"Edit","Select Next C/C++ Element","Alt+Shift+→","C/C++ Editor","org.eclipse.cdt.ui.edit.text.c.select.next"
"Task Repositories","Mark Task Unread","Alt+Shift+U","In Tasks Editor","org.eclipse.mylyn.tasks.ui.command.markTaskUnread"
"Editor Commands","Prepare Sources","Ctrl+Shift+R, P","Specfile Editor Context","rpmEditor.prepareSources.command"
"Text Editing","Text Start","Ctrl+Home","Editing Text","org.eclipse.ui.edit.text.goto.textStart"
"Source","Open Element","Ctrl+Shift+T","C/C++ Editor","org.eclipse.cdt.ui.navigate.opentype"
"Edit","Find Previous","Ctrl+Shift+K","In Windows","org.eclipse.ui.edit.findPrevious"
"Navigate","Next Page","Alt+F7","In Windows","org.eclipse.ui.part.nextPage"
"Changelog","Prepare Changelog In Editor","Ctrl+Alt+P","Comparing in an Editor","org.eclipse.linuxtools.changelog.core.preparechangelog2"
"Source","Show outline","Ctrl+O","C/C++ Editor","org.eclipse.cdt.ui.edit.open.outline"
"Language Servers","Open Call Hierarchy","Ctrl+Alt+H","in Generic Code Editor","org.eclipse.lsp4e.openCallHierarchy"
"Text Editing","Previous Word","Ctrl+←","Editing Text","org.eclipse.ui.edit.text.goto.wordPrevious"
"Reverse Debugging Commands","Reverse Step Over","Shift+F6","Debugging C/C++","org.eclipse.cdt.debug.ui.command.reverseStepOver"
"Navigate","Open Type Hierarchy","F4","C/C++ Editor","org.eclipse.cdt.ui.edit.open.type.hierarchy"
"Uncategorized","Copy Commit Id","Ctrl+C","In Git Reflog View","org.eclipse.egit.ui.internal.reflog.CopyCommand"
"Run/Debug","Add Memory Block","Ctrl+Alt+M","In Memory View","org.eclipse.debug.ui.commands.addMemoryMonitor"
"Terminal view commands","Paste","Shift+Insert","Terminal Control in Focus","org.eclipse.tm.terminal.paste"
"Views","Show View","Alt+Shift+Q, Q","In Windows","org.eclipse.ui.views.showView"
"Run/Debug","Go to Address...","Ctrl+G","In Disassembly","org.eclipse.cdt.dsf.debug.ui.disassembly.commands.gotoAddress"
"Edit","Next Sibling","Ctrl+Shift+↓","Editing in Structured Text Editors","org.eclipse.wst.xml.ui.nextSibling"
"Edit","Find and Replace","Ctrl+F","In Windows","org.eclipse.ui.edit.findReplace"
"TM4E Language Configuration","Toggle Line Comment","Ctrl+Shift+C","Editing Text","org.eclipse.tm4e.languageconfiguration.toggleLineCommentCommand"
"Edit","Toggle Insert Mode","Ctrl+Shift+Insert","Editing Text","org.eclipse.ui.edit.text.toggleInsertMode"
"Terminal view commands","Terminal view insert","Alt+C","Terminal Typing Connected","org.eclipse.tm.terminal.command1"
"Source","Toggle Comment","Ctrl+Shift+C","C/C++ Editor","org.eclipse.cdt.ui.edit.text.c.toggle.comment"
"Project","Build All","Ctrl+B","In Windows","org.eclipse.ui.project.buildAll"
"Terminal view commands","Terminal view insert","Alt+A","Terminal Typing Connected","org.eclipse.tm.terminal.command1"
"Window","Show Key Assist","Ctrl+Shift+L","In Dialogs and Windows","org.eclipse.ui.window.showKeyAssist"
"Task Repositories","Mark Task Read and Go To Previous Unread Task","Alt+Shift+↑","In Tasks View","org.eclipse.mylyn.tasks.ui.command.markTaskReadGoToPreviousUnread"
"Language Servers","Go to Symbol in File","Ctrl+O","Editing Text","org.eclipse.lsp4e.symbolInFile"
"Refactor - C++","Extract Constant - Refactoring ","Alt+C","C/C++ Editor","org.eclipse.cdt.ui.refactor.extract.constant"
"Source","Forward","Alt+→","In Macro Expansion Hover","org.eclipse.cdt.ui.hover.forwardMacroExpansion"
"Text Editing","Select Line Start","Shift+Home","Editing Text","org.eclipse.ui.edit.text.select.lineStart"
"Navigate","Quick Outline","Ctrl+O","Editing in Structured Text Editors","org.eclipse.wst.sse.ui.quick_outline"
"Edit","Cut","Shift+Delete","In Dialogs and Windows","org.eclipse.ui.edit.cut"
"Text Editing","Insert Line Below Current Line","Shift+Enter","Editing Text","org.eclipse.ui.edit.text.smartEnter"
"Navigate","Quick Outline","Ctrl+Shift+O","Task Markup Editor Source Context","org.eclipse.mylyn.wikitext.ui.quickOutlineCommand"
"Source","Quick Type Hierarchy","Ctrl+T","C/C++ Editor","org.eclipse.cdt.ui.edit.open.quick.type.hierarchy"
"Navigate","Previous Edit Location","Ctrl+Alt+←","In Windows","org.eclipse.ui.edit.text.gotoLastEditPosition"
"File","Rename","F2","In Windows","org.eclipse.ui.edit.rename"
"Text Editing","Line End","End","Editing Text","org.eclipse.ui.edit.text.goto.lineEnd"
"Text Editing","Move Lines Down","Alt+↓","Editing Text","org.eclipse.ui.edit.text.moveLineDown"
"ANSI Support Commands","Copy Text Without ANSI Escapes","Ctrl+Insert","In Console View","AnsiConsole.command.copy_without_escapes"
"Views","Show View (Breakpoints)","Alt+Shift+Q, B","In Windows","org.eclipse.ui.views.showView"
"Text Editing","Collapse All","Ctrl+Shift+Numpad_Divide","Editing Text","org.eclipse.ui.edit.text.folding.collapse_all"
"Search","Find Text in Workspace","Ctrl+Alt+G","In Windows","org.eclipse.search.ui.performTextSearchWorkspace"
"TM4E Language Configuration","Toggle Line Comment","Ctrl+7","Editing Text","org.eclipse.tm4e.languageconfiguration.toggleLineCommentCommand"
"Terminal view commands","Terminal view insert","Alt+N","Terminal Typing Connected","org.eclipse.tm.terminal.command1"
"Run/Debug","EOF","Ctrl+Z","In I/O Console","org.eclipse.debug.ui.commands.eof"
"Text Editing","Text End","Ctrl+End","Editing Text","org.eclipse.ui.edit.text.goto.textEnd"
"Window","Switch to Editor","Ctrl+Shift+E","In Windows","org.eclipse.ui.window.switchToEditor"
"Tracing","Zoom in (selection)","+","In Time-Based View","org.eclipse.tracecompass.tmf.ui.command.zoomin.selection"
"Source","Toggle Comment","Ctrl+7","C/C++ Editor","org.eclipse.cdt.ui.edit.text.c.toggle.comment"
"Task Editor","Maximize Part","Ctrl+Shift+M","In Tasks Editor","org.eclipse.mylyn.tasks.ui.command.maximizePart"
"Tracing","Left","A","In Time-Based View","org.eclipse.tracecompass.tmf.ui.command.left"
"Refactor - C++","Extract Local Variable - Refactoring ","Alt+Shift+L","C/C++ Editor","org.eclipse.cdt.ui.refactor.extract.local.variable"
"Navigate","Open Task","Ctrl+F12","In Windows","org.eclipse.mylyn.tasks.ui.command.openTask"
"Navigate","Open Type in Hierarchy","Ctrl+Shift+H","C/C++ Editor","org.eclipse.cdt.ui.navigate.open.type.in.hierarchy"
"Changelog","Prepare Changelog In Editor","Ctrl+Alt+P","Editing Text","org.eclipse.linuxtools.changelog.core.preparechangelog2"
"Navigate","Collapse All","Ctrl+Shift+Numpad_Divide","In Windows","org.eclipse.ui.navigate.collapseAll"
"Window","Show Contributing Plug-in","Alt+Shift+F3","In Dialogs and Windows","org.eclipse.ui.window.spy"
"Text Editing","Duplicate Lines","Ctrl+Alt+↑","Editing Text","org.eclipse.ui.edit.text.copyLineUp"
"Project","Rebuild Last Target","F9","In Windows","org.eclipse.cdt.make.ui.targetBuildLastCommand"
"Window","Show View Menu","Ctrl+F10","In Dialogs and Windows","org.eclipse.ui.window.showViewMenu"
"Task Repositories","Mark Task Complete","Alt+Shift+C","In Tasks Editor","org.eclipse.mylyn.tasks.ui.command.markTaskComplete"
"Uncategorized","Show Markup Cheat Sheet","F1","WikiText Markup Source Context","org.eclipse.mylyn.wikitext.ui.editor.showCheatSheetCommand"
"Source","Show Tooltip Description","F2","Autoconf Editor","org.eclipse.cdt.autotools.ui.editors.text.show.tooltip"
"Source","Go to Previous Member","Ctrl+Shift+↑","C/C++ Editor","org.eclipse.cdt.ui.edit.text.c.goto.prev.member"
"Terminal view commands","Terminal view insert","Alt+E","Terminal Typing Connected","org.eclipse.tm.terminal.command1"
"Window","Previous View","Ctrl+Shift+F7","In Windows","org.eclipse.ui.window.previousView"
"Edit","Copy","Ctrl+Insert","In Dialogs and Windows","org.eclipse.ui.edit.copy"
"Run/Debug","Step Over","F6","Debugging","org.eclipse.debug.ui.commands.StepOver"
"Terminal view commands","Paste","Ctrl+Shift+V","Terminal Control in Focus","org.eclipse.tm.terminal.paste"
"Run/Debug","Debug","F11","In Windows","org.eclipse.debug.ui.commands.DebugLast"
"Run/Debug","Run","Ctrl+F11","In Windows","org.eclipse.debug.ui.commands.RunLast"
"Source","Open Element","Ctrl+Shift+T","In C/C++ Views","org.eclipse.cdt.ui.navigate.opentype"
"Source","Add Include","Ctrl+Shift+N","C/C++ Editor","org.eclipse.cdt.ui.edit.text.c.add.include"
"Tracing","Filter Time Graph events","/","In Time-Based View","org.eclipse.tracecompass.tmf.ui.filter"
"Task Repositories","Mark Task Incomplete","Alt+Shift+I","In Tasks View","org.eclipse.mylyn.tasks.ui.command.markTaskIncomplete"
"Tracing","Toggle Bookmark...","Ctrl+D","In Time Graph","org.eclipse.tracecompass.tmf.ui.timegraph.bookmark"
"Run/Debug","New Rendering","Ctrl+N","In Memory View","org.eclipse.debug.ui.commands.newRendering"
"Edit","Delete","Delete","In Windows","org.eclipse.ui.edit.delete"
"Text Editing","Zoom Out","Ctrl+-","Editing Text","org.eclipse.ui.edit.text.zoomOut"
"Run/Debug","Step Into","F5","Debugging","org.eclipse.debug.ui.commands.StepInto"
